run_id,num_gpus,batch_size,loading_time,compute_time,rank
1,2,32,0.3462953567504883,0.46741151809692383,0
1,2,32,0.3346538543701172,0.4758262634277344,1
