run_id,num_gpus,batch_size,loading_time,compute_time,rank
6,2,32,0.31345415115356445,0.4431469440460205,0
6,2,32,0.31089305877685547,0.44301939010620117,1
