run_id,num_gpus,batch_size,loading_time,compute_time,rank
7,2,32,0.36333394050598145,0.4344174861907959,0
7,2,32,0.33689260482788086,0.4395442008972168,1
