run_id,num_gpus,batch_size,loading_time,compute_time,rank
3,2,32,0.3740389347076416,0.4409313201904297,0
3,2,32,0.4510517120361328,0.44257378578186035,1
