run_id,num_gpus,batch_size,loading_time,compute_time,rank
10,2,128,4.281980276107788,0.6103885173797607,0
10,2,128,4.701106786727905,0.6805417537689209,1
