run_id,num_gpus,batch_size,loading_time,compute_time,rank
2,2,128,1.2941126823425293,0.6030066013336182,0
2,2,128,1.7441020011901855,0.586083173751831,1
