run_id,num_gpus,batch_size,loading_time,compute_time,rank
9,2,128,1.1818101406097412,0.6078407764434814,0
9,2,128,1.346085548400879,0.5915553569793701,1
