run_id,num_gpus,batch_size,loading_time,compute_time,rank
8,2,128,0.9936730861663818,0.5825412273406982,0
8,2,128,1.1547143459320068,0.5964508056640625,1
