run_id,num_gpus,batch_size,loading_time,compute_time,rank
7,2,128,1.9889671802520752,0.603177547454834,0
7,2,128,2.188342809677124,0.5937142372131348,1
