run_id,num_gpus,batch_size,loading_time,compute_time,rank
4,2,128,1.3886816501617432,0.596104621887207,0
4,2,128,1.2856063842773438,0.6124789714813232,1
