run_id,num_gpus,batch_size,loading_time,compute_time,rank
2,2,32,1.8874232769012451,0.4412877559661865,0
2,2,32,0.3471541404724121,1.9041540622711182,1
