run_id,num_gpus,batch_size,loading_time,compute_time,rank
8,2,32,0.3569796085357666,0.4366278648376465,0
8,2,32,2.7315855026245117,0.4434061050415039,1
