run_id,num_gpus,batch_size,loading_time,compute_time,rank
5,2,32,0.4644474983215332,0.44911789894104004,0
5,2,32,0.2959105968475342,0.5312685966491699,1
