run_id,num_gpus,batch_size,loading_time,compute_time,rank
4,2,32,0.293621301651001,0.43517446517944336,0
4,2,32,0.3862738609313965,0.4287109375,1
