run_id,num_gpus,batch_size,loading_time,compute_time,rank
9,2,32,0.9536049365997314,0.43627429008483887,0
9,2,32,1.0216944217681885,0.4355792999267578,1
