run_id,num_gpus,batch_size,loading_time,compute_time,rank
10,2,32,0.3603794574737549,0.4446415901184082,0
10,2,32,0.39308905601501465,0.43180394172668457,1
