run_id,num_devices,batch_size,loading_time,compute_time,rank
2,2,32,0.39156389236450195,9.879481077194214,0
2,2,32,0.4497051239013672,9.819268703460693,1
