run_id,num_devices,batch_size,loading_time,compute_time,rank
10,2,32,0.509432315826416,9.452084064483643,0
10,2,32,0.3287947177886963,9.633229970932007,1
