run_id,num_devices,batch_size,loading_time,compute_time,rank
9,2,32,0.2982659339904785,9.938474178314209,0
9,2,32,0.3416879177093506,9.893818616867065,1
