run_id,num_devices,batch_size,loading_time,compute_time,rank
7,2,32,0.3599696159362793,9.847902536392212,0
7,2,32,0.3399674892425537,9.867400407791138,1
