run_id,num_devices,batch_size,loading_time,compute_time,rank
8,2,32,0.6055278778076172,9.806923151016235,0
8,2,32,0.40119504928588867,10.010406017303467,1
