run_id,num_devices,batch_size,loading_time,compute_time,rank
1,2,32,0.3968474864959717,9.999340057373047,0
1,2,32,0.6113743782043457,9.784862518310547,1
