run_id,num_devices,batch_size,loading_time,compute_time,rank
6,2,32,0.3686509132385254,9.783517599105835,0
6,2,32,0.3828721046447754,9.768829345703125,1
