run_id,num_devices,batch_size,loading_time,compute_time,rank
3,2,32,0.2856745719909668,9.77074384689331,0
3,2,32,0.2731661796569824,9.783321380615234,1
