run_id,num_devices,batch_size,loading_time,compute_time,rank
5,2,32,0.33391308784484863,9.92673373222351,0
5,2,32,0.527564525604248,9.732097148895264,1
