run_id,num_gpus,batch_size,loading_time,compute_time,rank
2,2,64,2.386631488800049,0.4977562427520752,0
2,2,64,0.7672233581542969,2.0396978855133057,1
