run_id,num_gpus,batch_size,loading_time,compute_time,rank
7,2,64,0.6929230690002441,0.5136005878448486,0
7,2,64,0.6744568347930908,0.508615255355835,1
