run_id,num_gpus,batch_size,loading_time,compute_time,rank
4,2,64,0.6395184993743896,0.5183320045471191,1
4,2,64,0.6999204158782959,0.507190465927124,0
