run_id,num_gpus,batch_size,loading_time,compute_time,rank
6,2,64,0.7328670024871826,0.5107412338256836,0
6,2,64,0.7143115997314453,0.5162901878356934,1
