run_id,num_devices,batch_size,loading_time,compute_time,rank
4,2,32,0.3858060836791992,9.746332883834839,0
4,2,32,0.3514275550842285,9.780356645584106,1
