run_id,num_gpus,batch_size,loading_time,compute_time,rank
5,2,128,1.1472203731536865,0.635955810546875,0
5,2,128,1.1751408576965332,0.6325480937957764,1
