run_id,num_gpus,batch_size,loading_time,compute_time,rank
3,2,128,1.0089468955993652,0.5880143642425537,0
3,2,128,1.1226458549499512,0.5879523754119873,1
