run_id,num_gpus,batch_size,loading_time,compute_time,rank
1,2,128,1.265498399734497,0.5926003456115723,0
1,2,128,1.4679410457611084,0.5914993286132812,1
