run_id,num_gpus,batch_size,loading_time,compute_time,rank
6,2,128,1.1007699966430664,0.5919013023376465,0
6,2,128,1.3501558303833008,0.6052014827728271,1
