run_id,num_gpus,batch_size,loading_time,compute_time,rank
1,2,64,3.211199998855591,0.5047123432159424,1
1,2,64,0.5757863521575928,0.4954230785369873,0
