run_id,num_gpus,batch_size,loading_time,compute_time,rank
8,2,64,0.5853114128112793,0.48957252502441406,0
8,2,64,0.6756236553192139,0.49777865409851074,1
