run_id,num_gpus,batch_size,loading_time,compute_time,rank
5,2,64,0.7153022289276123,0.5002291202545166,0
5,2,64,0.8288381099700928,0.5066823959350586,1
