run_id,num_gpus,batch_size,loading_time,compute_time,rank
10,2,64,0.652691125869751,0.505199670791626,0
10,2,64,0.6983990669250488,0.5012617111206055,1
