run_id,num_gpus,batch_size,loading_time,compute_time,rank
3,2,64,1.1131832599639893,0.4919145107269287,0
3,2,64,0.7666366100311279,0.7677092552185059,1
