run_id,num_gpus,batch_size,loading_time,compute_time,rank
6,2,16,0.24649262428283691,0.5320320129394531,0
6,2,16,0.24615931510925293,0.5333025455474854,1
