run_id,num_gpus,batch_size,loading_time,compute_time,rank
8,2,16,0.1923232078552246,0.4649512767791748,0
8,2,16,0.21378827095031738,0.4565601348876953,1
