run_id,num_gpus,batch_size,loading_time,compute_time,rank
1,2,16,0.4702775478363037,3.153883457183838,1
1,2,16,0.20261192321777344,3.419649124145508,0
