run_id,num_gpus,batch_size,loading_time,compute_time,rank
9,2,16,0.2462303638458252,0.46176910400390625,0
9,2,16,0.2070941925048828,0.46459197998046875,1
