run_id,num_gpus,batch_size,loading_time,compute_time,rank
7,2,16,0.15629982948303223,0.46595335006713867,0
7,2,16,0.17971301078796387,0.4517631530761719,1
