run_id,num_gpus,batch_size,loading_time,compute_time,rank
3,2,16,0.22677159309387207,0.4694392681121826,0
3,2,16,0.21388769149780273,0.47751760482788086,1
