run_id,num_gpus,batch_size,loading_time,compute_time,rank
10,2,16,0.14838385581970215,0.46365785598754883,0
10,2,16,0.14300823211669922,0.46834874153137207,1
