run_id,num_gpus,batch_size,loading_time,compute_time,rank
5,2,16,0.11295938491821289,0.47518038749694824,1
5,2,16,0.21761751174926758,0.44904232025146484,0
