run_id,num_gpus,batch_size,loading_time,compute_time,rank
2,2,16,0.5613229274749756,0.4583094120025635,0
2,2,16,0.1459345817565918,0.7963545322418213,1
