run_id,num_gpus,batch_size,loading_time,compute_time,rank
4,2,16,0.22928237915039062,0.4643068313598633,0
4,2,16,0.18698644638061523,0.4746706485748291,1
